<?xml version="1.0" encoding="UTF-8"?>
<feature
      id="org.jkiss.dbeaver.rcp.feature"
      label="%featureName"
      version="2.1.71.201811051019"
      provider-name="%providerName">

    <description>
      %description
    </description>

    <copyright>
      %copyright
    </copyright>

    <license url="%licenseURL">
      %license
    </license>

<!--
    <includes id="org.eclipse.rcp" version="0.0.0"/>

    <plugin id="com.ibm.icu.base" download-size="0" install-size="0" version="0.0.0" unpack="false"/>
    <plugin id="org.eclipse.draw2d" download-size="0" install-size="0" version="0.0.0" unpack="false"/>
    <plugin id="org.eclipse.gef" download-size="0" install-size="0" version="0.0.0" unpack="false"/>
-->

    <requires>
        <import plugin="org.eclipse.core.runtime" version="3.7" match="greaterOrEqual"/>
    </requires>

    <plugin id="com.ibm.icu.base" download-size="192" install-size="401" version="58.2.0.v20170418-1837" unpack="false"/>

    <plugin id="javax.annotation" download-size="28" install-size="58" version="1.2.0.v201602091430" unpack="false"/>
    <plugin id="javax.inject" download-size="16" install-size="28" version="1.0.0.v20091030" unpack="false"/>

    <plugin id="org.w3c.css.sac" download-size="37" install-size="65" version="1.3.1.v200903091627" unpack="false"/>

    <plugin id="org.apache.batik.css" download-size="351" install-size="710" version="1.10.0.v20180703-1553" unpack="false"/>
    <plugin id="org.apache.batik.util" download-size="144" install-size="283" version="1.10.0.v20180703-1553" unpack="false"/>

    <plugin id="org.eclipse.compare.core" download-size="66" install-size="126" version="3.6.300.v20180827-1041" unpack="false"/>
    <plugin id="org.eclipse.core.commands" download-size="113" install-size="214" version="3.9.200.v20180827-1727" unpack="false"/>
    <plugin id="org.eclipse.core.contenttype" download-size="103" install-size="217" version="3.7.100.v20180817-1401" unpack="false"/>
    <plugin id="org.eclipse.core.databinding" download-size="183" install-size="425" version="1.7.0.v20180827-2028" unpack="false"/>
    <plugin id="org.eclipse.core.databinding.observable" download-size="307" install-size="727" version="1.6.300.v20180827-2028" unpack="false"/>
    <plugin id="org.eclipse.core.databinding.property" download-size="161" install-size="430" version="1.6.300.v20180827-2028" unpack="false"/>
    <plugin id="org.eclipse.core.expressions" download-size="91" install-size="180" version="3.6.200.v20180817-1401" unpack="false"/>
    <plugin id="org.eclipse.core.filesystem" download-size="65" install-size="123" version="1.7.200.v20180828-0158" unpack="false"/>
    <plugin id="org.eclipse.core.jobs" download-size="105" install-size="209" version="3.10.100.v20180817-1215" unpack="false"/>
    <plugin id="org.eclipse.core.resources" download-size="869" install-size="1893" version="3.13.100.v20180828-0158" unpack="false"/>
    <plugin id="org.eclipse.e4.core.commands" download-size="25" install-size="45" version="0.12.300.v20180828-0227" unpack="false"/>
    <plugin id="org.eclipse.e4.core.contexts" download-size="47" install-size="93" version="1.7.100.v20180817-1215" unpack="false"/>
    <plugin id="org.eclipse.e4.core.di" download-size="51" install-size="107" version="1.7.100.v20180817-1215" unpack="false"/>
    <plugin id="org.eclipse.e4.core.di.extensions" download-size="11" install-size="14" version="0.15.200.v20180817-1215" unpack="false"/>
    <plugin id="org.eclipse.e4.core.services" download-size="57" install-size="105" version="2.1.200.v20180817-1215" unpack="false"/>
    <plugin id="org.eclipse.e4.ui.bindings" download-size="44" install-size="92" version="0.12.200.v20180828-0227" unpack="false"/>
    <plugin id="org.eclipse.e4.ui.css.core" download-size="206" install-size="423" version="0.12.300.v20180828-0227" unpack="false"/>
    <plugin id="org.eclipse.e4.ui.css.swt" download-size="252" install-size="528" version="0.13.200.v20180828-0227" unpack="false"/>
    <plugin id="org.eclipse.e4.ui.css.swt.theme" download-size="28" install-size="50" version="0.12.100.v20180828-0227" unpack="false"/>
    <plugin id="org.eclipse.e4.ui.di" download-size="17" install-size="25" version="1.2.300.v20180906-1121" unpack="false"/>
    <plugin id="org.eclipse.e4.ui.model.workbench" download-size="386" install-size="1173" version="2.1.100.v20180904-1914" unpack="false"/>
    <plugin id="org.eclipse.e4.ui.services" download-size="24" install-size="39" version="1.3.200.v20180906-1121" unpack="false"/>
    <plugin id="org.eclipse.e4.ui.widgets" download-size="15" install-size="23" version="1.2.200.v20180828-0227" unpack="false"/>
    <plugin id="org.eclipse.e4.ui.workbench" download-size="252" install-size="538" version="1.7.0.v20180906-1121" unpack="false"/>
    <plugin id="org.eclipse.e4.ui.workbench.renderers.swt" download-size="244" install-size="556" version="0.14.300.v20180828-0227" unpack="false"/>
    <plugin id="org.eclipse.e4.ui.workbench.renderers.swt.cocoa" os="macosx" download-size="35" install-size="65" version="0.12.100.v20180828-0227" fragment="true" unpack="false"/>
    <plugin id="org.eclipse.e4.ui.workbench3" download-size="10" install-size="14" version="0.14.200.v20180828-0227" unpack="false"/>
    <plugin id="org.eclipse.e4.ui.workbench.swt" download-size="171" install-size="342" version="0.14.300.v20180906-1121" unpack="false"/>
    <plugin id="org.eclipse.e4.ui.workbench.addons.swt" download-size="122" install-size="263" version="1.3.200.v20180828-0227" unpack="false"/>

    <plugin id="org.eclipse.emf.common" download-size="367" install-size="767" version="2.15.0.v20180723-1316" unpack="false"/>
    <plugin id="org.eclipse.emf.ecore" download-size="1374" install-size="3262" version="2.15.0.v20180722-1159" unpack="false"/>
    <plugin id="org.eclipse.emf.ecore.change" download-size="100" install-size="218" version="2.13.0.v20180706-1146" unpack="false"/>
    <plugin id="org.eclipse.emf.ecore.xmi" download-size="229" install-size="489" version="2.15.0.v20180706-1146" unpack="false"/>
    <plugin id="org.eclipse.equinox.app" download-size="85" install-size="171" version="1.3.600.v20180827-1235" unpack="false"/>
    <plugin id="org.eclipse.equinox.common" download-size="119" install-size="224" version="3.10.100.v20180827-1235" unpack="false"/>
    <plugin id="org.eclipse.equinox.ds" download-size="28" install-size="57" version="1.5.200.v20180827-1235" unpack="false"/>
    <plugin id="org.eclipse.equinox.event" download-size="33" install-size="60" version="1.4.300.v20180827-1235" unpack="false"/>
    <plugin id="org.eclipse.equinox.preferences" download-size="130" install-size="265" version="3.7.200.v20180827-1235" unpack="false"/>
    <plugin id="org.eclipse.equinox.registry" download-size="191" install-size="400" version="3.8.100.v20180827-1235" unpack="false"/>
    <plugin id="org.eclipse.equinox.simpleconfigurator" download-size="44" install-size="83" version="1.3.100.v20180827-1122" unpack="false"/>
    <plugin id="org.eclipse.equinox.util" download-size="81" install-size="151" version="1.1.100.v20180827-1235" unpack="false"/>
    <plugin id="org.eclipse.help" download-size="263" install-size="675" version="3.8.200.v20180821-0700" unpack="false"/>
    <plugin id="org.eclipse.jface" download-size="1075" install-size="2165" version="3.14.100.v20180828-0836" unpack="false"/>
    <plugin id="org.eclipse.jface.databinding" download-size="275" install-size="563" version="1.8.300.v20180828-0836" unpack="false"/>
    <plugin id="org.eclipse.jface.text" download-size="1033" install-size="2202" version="3.14.0.v20180824-1140" unpack="false"/>
    <plugin id="org.eclipse.osgi" download-size="1407" install-size="3014" version="3.13.100.v20180827-1536" unpack="false"/>
    <plugin id="org.eclipse.osgi.services" download-size="122" install-size="194" version="3.7.100.v20180827-1536" unpack="false"/>
    <plugin id="org.eclipse.osgi.compatibility.state" download-size="239" install-size="582" version="1.1.200.v20180827-1536" unpack="false"/>
    <plugin id="org.eclipse.swt" download-size="16" install-size="33" version="3.108.0.v20180904-1901" unpack="false"/>

    <plugin id="org.eclipse.text" download-size="278" install-size="561" version="3.7.0.v20180822-1511" unpack="false"/>
    <plugin id="org.eclipse.ui" download-size="464" install-size="577" version="3.110.0.v20180828-1350" unpack="false"/>
    <plugin id="org.eclipse.ui.forms" download-size="319" install-size="643" version="3.7.300.v20180828-1350" unpack="false"/>
    <plugin id="org.eclipse.ui.views" download-size="108" install-size="196" version="3.9.200.v20180828-0837" unpack="false"/>
    <plugin id="org.eclipse.ui.views.log" download-size="166" install-size="284" version="1.2.300.v20180827-1331" unpack="false"/>
    <plugin id="org.eclipse.ui.workbench" download-size="3652" install-size="7791" version="3.112.0.v20180906-1121" unpack="false"/>
    <plugin id="org.eclipse.ui.workbench.texteditor" download-size="637" install-size="1365" version="3.11.100.v20180824-1030" unpack="false"/>

    <plugin id="org.eclipse.ui.intro" download-size="338" install-size="671" version="3.5.300.v20180823-1505" unpack="false"/>
    <plugin id="org.eclipse.ui.themes" download-size="46" install-size="134" version="1.2.200.v20180828-1350"/>

    <plugin id="org.eclipse.update.configurator" download-size="94" install-size="191" version="3.4.100.v20180821-1913"/>

    <!-- GEF -->

    <!-- IDE plugin -->

    <plugin id="org.eclipse.ui.ide" download-size="2440" install-size="4840" version="3.14.100.v20180828-1350" unpack="false"/>
    <plugin id="org.eclipse.ui.editors" download-size="598" install-size="1328" version="3.11.200.v20180822-1511"/>

    <!-- Eclipse Mars additions -->

    <plugin id="org.eclipse.e4.core.di.annotations" download-size="11" install-size="15" version="1.6.200.v20180817-1215" unpack="false"/>
    <plugin id="org.eclipse.e4.emf.xpath" download-size="48" install-size="94" version="0.2.200.v20180828-0227" unpack="false"/>
    <plugin id="org.apache.commons.jxpath" download-size="308" install-size="642" version="1.3.0.v200911051830" unpack="false"/>

    <!-- 3rd party -->

    <plugin id="com.jcraft.jsch" download-size="295" install-size="536" version="0.1.54.v20170116-1932" unpack="false"/>
    <plugin id="org.apache.commons.logging" download-size="71" install-size="145" version="1.2.0.v20180409-1502" unpack="false"/>
    <plugin id="org.objectweb.asm" download-size="121" install-size="241" version="6.2.1.v20180823-1831" unpack="false"/>

    <!-- OS dependent -->

    <plugin id="org.eclipse.core.resources.win32.x86" os="win32" arch="x86" download-size="47" install-size="85" version="3.5.300.v20180828-0158" fragment="true" unpack="false"/>
    <plugin id="org.eclipse.core.filesystem.linux.x86" os="linux" arch="x86" download-size="11" install-size="20" version="1.4.300.v20180828-0158" fragment="true" unpack="false"/>
    <plugin id="org.eclipse.core.filesystem.linux.x86_64" os="linux" arch="x86_64" download-size="11" install-size="21" version="1.2.300.v20180828-0158" fragment="true" unpack="false"/>
    <plugin id="org.eclipse.core.filesystem.macosx" os="macosx" download-size="10" install-size="25" version="1.3.100.v20180828-0158" fragment="true" unpack="false"/>
    <plugin id="org.eclipse.core.filesystem.win32.x86" os="win32" arch="x86" download-size="27" install-size="55" version="1.4.100.v20180828-0158" fragment="true" unpack="false"/>
    <plugin id="org.eclipse.core.filesystem.win32.x86_64" os="win32" arch="x86_64" download-size="31" install-size="65" version="1.4.100.v20180828-0158" fragment="true" unpack="false"/>
    <plugin id="org.eclipse.swt.cocoa.macosx.x86_64" os="macosx" ws="cocoa" arch="x86_64" download-size="2073" install-size="4741" version="3.108.0.v20180904-1901" fragment="true" unpack="false"/>
    <plugin id="org.eclipse.swt.gtk.linux.x86" os="linux" ws="gtk" arch="x86" download-size="2154" install-size="5007" version="3.108.0.v20180904-1901" fragment="true" unpack="false"/>
    <plugin id="org.eclipse.swt.gtk.linux.x86_64" os="linux" ws="gtk" arch="x86_64" download-size="2264" install-size="5559" version="3.108.0.v20180904-1901" fragment="true" unpack="false"/>
    <plugin id="org.eclipse.swt.win32.win32.x86" os="win32" ws="win32" arch="x86" download-size="2387" install-size="4874" version="3.108.0.v20180904-1901" fragment="true" unpack="false"/>
    <plugin id="org.eclipse.swt.win32.win32.x86_64" os="win32" ws="win32" arch="x86_64" download-size="2413" install-size="5062" version="3.108.0.v20180904-1901" fragment="true" unpack="false"/>

</feature>
