<?xml version="1.0" encoding="UTF-8"?>
<feature
      id="org.jkiss.dbeaver.ext.db2.feature"
      label="%featureName"
      version="2.1.81.201811051019"
      provider-name="%providerName"
      plugin="org.jkiss.dbeaver.ext.db2">

   <description>
      %description
   </description>

   <copyright>
      %copyright
   </copyright>

   <license url="%licenseURL">
      %license
   </license>

   <requires>
      <import feature="org.jkiss.dbeaver.core.feature" version="1.0.0"/>
   </requires>

   <plugin id="org.jkiss.dbeaver.ext.db2" download-size="548" install-size="1410" version="2.1.81.201811051019" unpack="true"/>

</feature>
