<?xml version="1.0" encoding="UTF-8"?>
<feature
      id="org.jkiss.dbeaver.ext.exasol.feature"
      label="%featureName"
      version="1.0.54.201811051019"
      provider-name="%providerName"
      plugin="org.jkiss.dbeaver.ext.exasol">

   <description>
      %description
   </description>

   <copyright>
      %copyright
   </copyright>

   <license url="%licenseURL">
      %license
   </license>

   <requires>
      <import feature="org.jkiss.dbeaver.core.feature" version="5.0.0" match="compatible"/>
   </requires>

   <plugin
         id="org.jkiss.dbeaver.ext.exasol"
         download-size="321"
         install-size="845"
         version="1.0.54.201811051019"
         unpack="false"/>

</feature>
