<?xml version="1.0" encoding="UTF-8"?>
<feature
        id="org.jkiss.dbeaver.standalone.feature"
        label="%featureName"
        version="5.2.4.201811051019"
        provider-name="%providerName"
        plugin="org.jkiss.dbeaver.core.application">

    <description>
        %description
    </description>

    <copyright>
        %copyright
    </copyright>

    <license url="%licenseURL">
        %license
    </license>

    <url>
        <update label="DBeaver Universal Database Manager" url="https://dbeaver.io/"/>
    </url>

    <requires>
        <import plugin="org.apache.commons.logging" match="greaterOrEqual"/>
        <import plugin="com.jcraft.jsch" match="greaterOrEqual"/>
        <import plugin="org.objectweb.asm" match="greaterOrEqual"/>
    </requires>

    <includes id="org.jkiss.dbeaver.rcp.feature" version="2.1.71.201811051019"/>
    <includes id="org.jkiss.dbeaver.core.feature" version="5.2.4.201811051019"/>
    <includes id="org.jkiss.dbeaver.ext.generic.feature" version="2.1.82.201811051019"/>
    <includes id="org.jkiss.dbeaver.ext.mysql.feature" version="2.1.81.201811051019"/>
    <includes id="org.jkiss.dbeaver.ext.oracle.feature" version="2.1.81.201811051019"/>
    <includes id="org.jkiss.dbeaver.ext.wmi.feature" version="2.0.98.201811051019"/>
    <includes id="org.jkiss.dbeaver.ext.db2.feature" version="2.1.81.201811051019"/>
    <includes id="org.jkiss.dbeaver.ext.exasol.feature" version="1.0.54.201811051019"/>
    <includes id="org.jkiss.dbeaver.debug.feature" version="5.2.4.201811051019"/>

    <!-- P2 for RCP -->
    <includes id="org.eclipse.equinox.p2.rcp.feature" version="1.4.100.v20180829-1443"/>
    <includes id="org.eclipse.equinox.p2.discovery.feature" version="1.2.100.v20180822-1357"/>
    <includes id="org.eclipse.equinox.p2.extras.feature" version="1.4.100.v20180829-1443"/>

    <plugin id="org.eclipse.ui.ide.application" download-size="97" install-size="179" version="1.3.0.v20180828-1350" unpack="false"/>

    <!-- EGit and other requirements -->
    <plugin id="org.eclipse.ui.net" download-size="45" install-size="85" version="1.3.300.v20180827-1041"/>
    <plugin id="org.eclipse.jsch.core" download-size="41" install-size="76" version="1.3.200.v20180827-1041"/>
    <plugin id="org.eclipse.jsch.ui" download-size="102" install-size="196" version="1.3.200.v20180827-1041"/>
    <plugin id="org.eclipse.core.variables" download-size="35" install-size="65" version="3.4.200.v20180821-1744"/>
    <!--<plugin id="org.eclipse.ui.cheatsheets" download-size="0" install-size="0" version="0.0.0"/>-->

    <!-- Include org.eclipse.ui.themes because it was added only in 4.4 -->
    <plugin id="org.eclipse.ui.themes" download-size="46" install-size="134" version="1.2.200.v20180828-1350"/>

    <!-- Custom stuff -->
    <plugin id="org.apache.commons.cli" download-size="51" install-size="107" version="1.3.1" unpack="false"/>

    <plugin id="org.jkiss.dbeaver.core.application" download-size="182" install-size="826" version="5.2.4.201811051019" unpack="false"/>
    <plugin id="org.jkiss.dbeaver.ext.sample.database" download-size="415" install-size="1119" version="1.0.33.201811051019" unpack="false"/>

    <plugin id="org.eclipse.nebula.widgets.opal.tipoftheday" download-size="15" install-size="23" version="1.0.0.201804281520" unpack="false"/>
    <plugin id="org.jkiss.dbeaver.ext.ui.tipoftheday" download-size="15" install-size="24" version="1.0.2.201811051019" unpack="false"/>


</feature>
