<?xml version="1.0" encoding="UTF-8"?>
<feature
      id="org.jkiss.dbeaver.core.feature"
      label="%featureName"
      version="5.2.4.201811051019"
      provider-name="%providerName"
      plugin="org.jkiss.dbeaver.core">

   <description>
      %description
   </description>

   <copyright>
      %copyright
   </copyright>

   <license url="%licenseURL">
      %license
   </license>

   <requires>
      <import plugin="org.eclipse.core.runtime" version="3.7" match="greaterOrEqual"/>
      <import plugin="org.eclipse.core.resources" version="0.0.0" match="greaterOrEqual"/>
      <import plugin="org.eclipse.core.expressions" version="0.0.0" match="greaterOrEqual"/>
      <import plugin="org.eclipse.ui" version="0.0.0" match="greaterOrEqual"/>
      <import plugin="org.eclipse.ui.workbench" version="0.0.0" match="greaterOrEqual"/>
      <import plugin="org.eclipse.ui.workbench.texteditor" version="0.0.0" match="greaterOrEqual"/>
      <import plugin="org.eclipse.swt" version="0.0.0" match="greaterOrEqual"/>
      <import plugin="org.eclipse.jface" version="0.0.0" match="greaterOrEqual"/>
      <import plugin="org.eclipse.jface.text" version="0.0.0" match="greaterOrEqual"/>
      <import plugin="org.eclipse.ui.views" version="0.0.0" match="greaterOrEqual"/>
      <import plugin="org.eclipse.search" version="0.0.0" match="greaterOrEqual"/>
      <import plugin="org.eclipse.draw2d" version="0.0.0" match="greaterOrEqual"/>
      <import plugin="org.eclipse.gef" version="0.0.0" match="greaterOrEqual"/>
      <import plugin="org.eclipse.debug.core" version="0.0.0" match="greaterOrEqual"/>
      <import plugin="org.eclipse.debug.ui" version="0.0.0" match="greaterOrEqual"/>
   </requires>

   <plugin id="com.github.jsqlparser" download-size="400" install-size="943" version="1.2.0" unpack="false"/>
   <plugin id="org.apache.commons.jexl" download-size="261" install-size="564" version="2.1.1" unpack="false"/>
   <plugin id="net.sf.opencsv" download-size="19" install-size="37" version="2.3.0" unpack="false"/>
   <plugin id="org.eclipse.nebula.widgets.gallery" download-size="115" install-size="226" version="1.0.0.201804281520" unpack="false"/>

   <plugin id="org.jkiss.dbeaver.model" download-size="1374" install-size="2832" version="1.0.85.201811051019" unpack="false"/>
   <plugin id="org.jkiss.dbeaver.core" download-size="3830" install-size="9133" version="5.2.4.201811051019" unpack="false"/>
   <plugin id="org.jkiss.dbeaver.net.ssh" download-size="20" install-size="34" version="1.0.17.201811051019" unpack="false"/>
   <plugin id="org.jkiss.dbeaver.net.ssh.jsch" download-size="12" install-size="19" version="1.1.6.201811051019" unpack="false"/>
   <plugin id="org.jkiss.dbeaver.net.ssh.ui" download-size="19" install-size="33" version="1.0.17.201811051019" unpack="false"/>
   <plugin id="org.jkiss.dbeaver.ui" download-size="673" install-size="991" version="5.1.11.201811051019" unpack="false"/>
   <plugin id="org.jkiss.dbeaver.ext.erd" download-size="317" install-size="670" version="2.0.98.201811051019" unpack="false"/>
   <plugin id="org.jkiss.dbeaver.ext.ui.colortheme" download-size="6" install-size="11" version="1.0.3.201811051019" unpack="false"/>
   <plugin id="org.jkiss.dbeaver.ext.ui.locks" download-size="45" install-size="92" version="1.0.41.201811051019" unpack="false"/>
   <plugin id="org.jkiss.utils" download-size="84" install-size="163" version="2.1.79.201811051019" unpack="false"/>
   <plugin id="org.jkiss.dbeaver.ext.mockdata" download-size="93" install-size="214" version="1.0.22.201811051019" unpack="false"/>
   <plugin id="org.jkiss.dbeaver.data.transfer" download-size="303" install-size="727" version="1.0.6.201811051019" unpack="false"/>
   <plugin id="org.jkiss.dbeaver.ext.import_config" download-size="64" install-size="117" version="2.1.59.201811051019" unpack="false"/>
   <plugin id="org.jkiss.dbeaver.ext.format.sqlworkbenchj" download-size="11" install-size="17" version="1.0.3.201811051019" unpack="false"/>
   <plugin id="com.vividsolutions.jts" download-size="787" install-size="1563" version="1.13.0" unpack="false"/>
   <plugin id="org.jkiss.dbeaver.data.gis" download-size="12" install-size="18" version="1.0.20.201811051019" unpack="false"/>

</feature>
