<?xml version="1.0" encoding="UTF-8"?>
<feature
      id="org.jkiss.dbeaver.debug.feature"
      label="%featureName"
      version="5.2.4.201811051019"
      provider-name="%providerName">

   <description>
      %description
   </description>

   <copyright>
      %copyright
   </copyright>

   <license url="%licenseURL">
      %license
   </license>

   <requires>
      <import feature="org.jkiss.dbeaver.core.feature" version="1.0.0"/>
   </requires>

   <plugin id="org.jkiss.dbeaver.debug.core" download-size="60" install-size="120" version="1.0.25.201811051019" unpack="false"/>
   <plugin id="org.jkiss.dbeaver.debug.ui" download-size="81" install-size="202" version="1.0.25.201811051019" unpack="false"/>
   <plugin id="org.jkiss.dbeaver.ext.postgresql.debug.core" download-size="45" install-size="88" version="1.0.25.201811051019" unpack="false"/>
   <plugin id="org.jkiss.dbeaver.ext.postgresql.debug.ui" download-size="22" install-size="42" version="1.0.25.201811051019" unpack="false"/>

</feature>
